date,price_usd_mt,change_usd_mt,high_usd_mt,low_usd_mt,spread_usd_mt,port,fuel_type,source,url,scraped_at,daily_rank
2026-05-25,720.5,-38.0,757.0,680.0,77.0,Rotterdam,VLSFO,Ship & Bunker,https://shipandbunker.com/prices/emea/nwe/nl-rtm-rotterdam,2026-06-09 18:09:42,1.0
2026-05-25,741.0,-16.0,769.0,712.0,57.0,Gibraltar,VLSFO,Ship & Bunker,https://shipandbunker.com/prices/emea/medabs/gi-gib-gibraltar,2026-06-09 18:10:02,2.0
2026-05-25,782.0,-45.5,823.5,764.5,59.0,Singapore,VLSFO,Ship & Bunker,https://shipandbunker.com/prices/apac/sea/sg-sin-singapore,2026-06-09 18:09:38,3.0
2026-05-25,798.0,-38.5,811.5,784.5,27.0,Houston,VLSFO,Ship & Bunker,https://shipandbunker.com/prices/am/usgac/us-hou-houston,2026-06-09 18:09:46,4.0
2026-05-25,889.5,-17.0,930.0,853.0,77.0,Fujairah,VLSFO,Ship & Bunker,https://shipandbunker.com/prices/emea/me/ae-fjr-fujairah,2026-06-09 18:09:59,5.0
2026-05-26,725.0,4.5,775.0,689.0,86.0,Rotterdam,VLSFO,Ship & Bunker,https://shipandbunker.com/prices/emea/nwe/nl-rtm-rotterdam,2026-06-09 18:09:42,1.0
2026-05-26,743.0,2.0,775.0,715.0,60.0,Gibraltar,VLSFO,Ship & Bunker,https://shipandbunker.com/prices/emea/medabs/gi-gib-gibraltar,2026-06-09 18:10:02,2.0
2026-05-26,793.5,11.5,834.0,775.0,59.0,Singapore,VLSFO,Ship & Bunker,https://shipandbunker.com/prices/apac/sea/sg-sin-singapore,2026-06-09 18:09:38,3.0
2026-05-26,807.5,9.5,825.0,780.0,45.0,Houston,VLSFO,Ship & Bunker,https://shipandbunker.com/prices/am/usgac/us-hou-houston,2026-06-09 18:09:46,4.0
2026-05-26,927.5,38.0,945.0,917.0,28.0,Fujairah,VLSFO,Ship & Bunker,https://shipandbunker.com/prices/emea/me/ae-fjr-fujairah,2026-06-09 18:09:59,5.0
2026-05-27,712.0,-13.0,760.0,683.0,77.0,Rotterdam,VLSFO,Ship & Bunker,https://shipandbunker.com/prices/emea/nwe/nl-rtm-rotterdam,2026-06-09 18:09:42,1.0
2026-05-27,734.0,-9.0,765.0,715.0,50.0,Gibraltar,VLSFO,Ship & Bunker,https://shipandbunker.com/prices/emea/medabs/gi-gib-gibraltar,2026-06-09 18:10:02,2.0
2026-05-27,787.5,-20.0,825.0,763.0,62.0,Houston,VLSFO,Ship & Bunker,https://shipandbunker.com/prices/am/usgac/us-hou-houston,2026-06-09 18:09:46,3.0
2026-05-27,794.5,1.0,834.5,774.0,60.5,Singapore,VLSFO,Ship & Bunker,https://shipandbunker.com/prices/apac/sea/sg-sin-singapore,2026-06-09 18:09:38,4.0
2026-05-27,951.0,23.5,1050.0,916.0,134.0,Fujairah,VLSFO,Ship & Bunker,https://shipandbunker.com/prices/emea/me/ae-fjr-fujairah,2026-06-09 18:09:59,5.0
2026-05-28,703.0,-9.0,745.0,681.5,63.5,Rotterdam,VLSFO,Ship & Bunker,https://shipandbunker.com/prices/emea/nwe/nl-rtm-rotterdam,2026-06-09 18:09:42,1.0
2026-05-28,739.5,5.5,790.0,720.0,70.0,Gibraltar,VLSFO,Ship & Bunker,https://shipandbunker.com/prices/emea/medabs/gi-gib-gibraltar,2026-06-09 18:10:02,2.0
2026-05-28,769.0,-18.5,803.0,748.5,54.5,Houston,VLSFO,Ship & Bunker,https://shipandbunker.com/prices/am/usgac/us-hou-houston,2026-06-09 18:09:46,3.0
2026-05-28,790.5,-4.0,829.0,768.5,60.5,Singapore,VLSFO,Ship & Bunker,https://shipandbunker.com/prices/apac/sea/sg-sin-singapore,2026-06-09 18:09:38,4.0
2026-05-28,954.5,3.5,1055.0,920.0,135.0,Fujairah,VLSFO,Ship & Bunker,https://shipandbunker.com/prices/emea/me/ae-fjr-fujairah,2026-06-09 18:09:59,5.0
2026-05-29,699.5,-3.5,735.0,679.5,55.5,Rotterdam,VLSFO,Ship & Bunker,https://shipandbunker.com/prices/emea/nwe/nl-rtm-rotterdam,2026-06-09 18:09:42,1.0
2026-05-29,729.0,-10.5,785.0,700.0,85.0,Gibraltar,VLSFO,Ship & Bunker,https://shipandbunker.com/prices/emea/medabs/gi-gib-gibraltar,2026-06-09 18:10:02,2.0
2026-05-29,755.0,-14.0,769.0,734.5,34.5,Houston,VLSFO,Ship & Bunker,https://shipandbunker.com/prices/am/usgac/us-hou-houston,2026-06-09 18:09:46,3.0
2026-05-29,781.0,-9.5,800.0,753.0,47.0,Singapore,VLSFO,Ship & Bunker,https://shipandbunker.com/prices/apac/sea/sg-sin-singapore,2026-06-09 18:09:38,4.0
2026-05-29,1024.5,70.0,1120.0,977.0,143.0,Fujairah,VLSFO,Ship & Bunker,https://shipandbunker.com/prices/emea/me/ae-fjr-fujairah,2026-06-09 18:09:59,5.0
2026-06-01,726.0,26.5,747.5,710.0,37.5,Rotterdam,VLSFO,Ship & Bunker,https://shipandbunker.com/prices/emea/nwe/nl-rtm-rotterdam,2026-06-09 18:09:42,1.0
2026-06-01,731.5,2.5,750.0,703.0,47.0,Gibraltar,VLSFO,Ship & Bunker,https://shipandbunker.com/prices/emea/medabs/gi-gib-gibraltar,2026-06-09 18:10:02,2.0
2026-06-01,768.0,13.0,785.0,745.0,40.0,Houston,VLSFO,Ship & Bunker,https://shipandbunker.com/prices/am/usgac/us-hou-houston,2026-06-09 18:09:46,3.0
2026-06-01,789.0,8.0,817.0,770.0,47.0,Singapore,VLSFO,Ship & Bunker,https://shipandbunker.com/prices/apac/sea/sg-sin-singapore,2026-06-09 18:09:38,4.0
2026-06-01,1003.5,-21.0,1022.0,970.0,52.0,Fujairah,VLSFO,Ship & Bunker,https://shipandbunker.com/prices/emea/me/ae-fjr-fujairah,2026-06-09 18:09:59,5.0
2026-06-02,712.5,-13.5,735.0,678.0,57.0,Rotterdam,VLSFO,Ship & Bunker,https://shipandbunker.com/prices/emea/nwe/nl-rtm-rotterdam,2026-06-09 18:09:42,1.0
2026-06-02,730.0,-1.5,755.0,708.0,47.0,Gibraltar,VLSFO,Ship & Bunker,https://shipandbunker.com/prices/emea/medabs/gi-gib-gibraltar,2026-06-09 18:10:02,2.0
2026-06-02,772.0,4.0,789.0,747.0,42.0,Houston,VLSFO,Ship & Bunker,https://shipandbunker.com/prices/am/usgac/us-hou-houston,2026-06-09 18:09:46,3.0
2026-06-02,792.0,3.0,812.0,780.0,32.0,Singapore,VLSFO,Ship & Bunker,https://shipandbunker.com/prices/apac/sea/sg-sin-singapore,2026-06-09 18:09:38,4.0
2026-06-02,1063.5,60.0,1160.0,1006.0,154.0,Fujairah,VLSFO,Ship & Bunker,https://shipandbunker.com/prices/emea/me/ae-fjr-fujairah,2026-06-09 18:09:59,5.0
2026-06-03,716.5,4.0,737.5,682.0,55.5,Rotterdam,VLSFO,Ship & Bunker,https://shipandbunker.com/prices/emea/nwe/nl-rtm-rotterdam,2026-06-09 18:09:42,1.0
2026-06-03,738.5,8.5,763.5,723.0,40.5,Gibraltar,VLSFO,Ship & Bunker,https://shipandbunker.com/prices/emea/medabs/gi-gib-gibraltar,2026-06-09 18:10:02,2.0
2026-06-03,786.0,14.0,813.0,750.0,63.0,Houston,VLSFO,Ship & Bunker,https://shipandbunker.com/prices/am/usgac/us-hou-houston,2026-06-09 18:09:46,3.0
2026-06-03,804.5,12.5,830.0,780.0,50.0,Singapore,VLSFO,Ship & Bunker,https://shipandbunker.com/prices/apac/sea/sg-sin-singapore,2026-06-09 18:09:38,4.0
2026-06-03,1201.0,137.5,1300.0,1018.0,282.0,Fujairah,VLSFO,Ship & Bunker,https://shipandbunker.com/prices/emea/me/ae-fjr-fujairah,2026-06-09 18:09:59,5.0
2026-06-04,709.0,-7.5,730.0,672.0,58.0,Rotterdam,VLSFO,Ship & Bunker,https://shipandbunker.com/prices/emea/nwe/nl-rtm-rotterdam,2026-06-09 18:09:42,1.0
2026-06-04,734.5,-4.0,755.0,713.0,42.0,Gibraltar,VLSFO,Ship & Bunker,https://shipandbunker.com/prices/emea/medabs/gi-gib-gibraltar,2026-06-09 18:10:02,2.0
2026-06-04,768.0,-18.0,803.0,750.0,53.0,Houston,VLSFO,Ship & Bunker,https://shipandbunker.com/prices/am/usgac/us-hou-houston,2026-06-09 18:09:46,3.0
2026-06-04,804.5,0.0,830.0,785.0,45.0,Singapore,VLSFO,Ship & Bunker,https://shipandbunker.com/prices/apac/sea/sg-sin-singapore,2026-06-09 18:09:38,4.0
2026-06-04,1183.0,-18.0,1230.0,1141.0,89.0,Fujairah,VLSFO,Ship & Bunker,https://shipandbunker.com/prices/emea/me/ae-fjr-fujairah,2026-06-09 18:09:59,5.0
2026-06-05,696.5,-12.5,730.0,660.0,70.0,Rotterdam,VLSFO,Ship & Bunker,https://shipandbunker.com/prices/emea/nwe/nl-rtm-rotterdam,2026-06-09 18:09:42,1.0
2026-06-05,736.0,1.5,755.0,718.0,37.0,Gibraltar,VLSFO,Ship & Bunker,https://shipandbunker.com/prices/emea/medabs/gi-gib-gibraltar,2026-06-09 18:10:02,2.0
2026-06-05,744.0,-24.0,763.0,722.5,40.5,Houston,VLSFO,Ship & Bunker,https://shipandbunker.com/prices/am/usgac/us-hou-houston,2026-06-09 18:09:46,3.0
2026-06-05,789.0,-15.5,825.0,770.5,54.5,Singapore,VLSFO,Ship & Bunker,https://shipandbunker.com/prices/apac/sea/sg-sin-singapore,2026-06-09 18:09:38,4.0
2026-06-05,1241.0,58.0,1286.0,1200.0,86.0,Fujairah,VLSFO,Ship & Bunker,https://shipandbunker.com/prices/emea/me/ae-fjr-fujairah,2026-06-09 18:09:59,5.0
2026-06-08,701.0,4.5,725.0,664.0,61.0,Rotterdam,VLSFO,Ship & Bunker,https://shipandbunker.com/prices/emea/nwe/nl-rtm-rotterdam,2026-06-09 18:09:42,1.0
2026-06-08,748.5,12.5,760.0,733.0,27.0,Gibraltar,VLSFO,Ship & Bunker,https://shipandbunker.com/prices/emea/medabs/gi-gib-gibraltar,2026-06-09 18:10:02,2.0
2026-06-08,752.0,8.0,770.5,745.0,25.5,Houston,VLSFO,Ship & Bunker,https://shipandbunker.com/prices/am/usgac/us-hou-houston,2026-06-09 18:09:46,3.0
2026-06-08,797.5,8.5,825.0,775.0,50.0,Singapore,VLSFO,Ship & Bunker,https://shipandbunker.com/prices/apac/sea/sg-sin-singapore,2026-06-09 18:09:38,4.0
2026-06-08,1233.5,-7.5,1260.0,1200.0,60.0,Fujairah,VLSFO,Ship & Bunker,https://shipandbunker.com/prices/emea/me/ae-fjr-fujairah,2026-06-09 18:09:59,5.0
